Nama Barang,Kategori Final
Paket Aqiqah Domba Kebuli - Betina,Paket Aqiqah Domba Kebuli - Betina
Paket Aqiqah Domba Kebuli - Betina (Nasi Biasa),Paket Aqiqah Domba Kebuli - Betina
Paket Aqiqah Domba Kebuli - Jantan,Paket Aqiqah Domba Kebuli - Jantan
Paket Aqiqah Domba Kebuli - Jantan (Nasi Biasa),Paket Aqiqah Domba Kebuli - Jantan
Paket Aqiqah Domba Tipe A - Betina,Paket Aqiqah Domba Tipe A - Betina
Paket Aqiqah Domba Tipe A - Betina (Bento Spesial),Paket Aqiqah Domba Tipe A - Betina
Paket Aqiqah Domba Tipe A - Betina (Hemat),Paket Aqiqah Domba Tipe A - Betina
Paket Aqiqah Domba Tipe A - Betina (Spesial),Paket Aqiqah Domba Tipe A - Betina
Paket Aqiqah Domba Tipe A - Betina (Tanpa Masak),Paket Aqiqah Domba Tipe A - Betina
Paket Aqiqah Domba Tipe A - Betina (Tanpa Nasi Box),Paket Aqiqah Domba Tipe A - Betina
Paket Aqiqah Domba Tipe A (Hemat) - Betina (Tanpa Nasi Box),Paket Aqiqah Domba Tipe A - Betina
Paket Aqiqah Domba Tipe A (Hemat) - Jantan (Tanpa Nasi Box),Paket Aqiqah Domba Tipe A - Jantan
Paket Aqiqah Domba Tipe A - Jantan,Paket Aqiqah Domba Tipe A - Jantan
Paket Aqiqah Domba Tipe A - Jantan (Spesial),Paket Aqiqah Domba Tipe A - Jantan
Paket Aqiqah Domba Tipe A - Jantan (Tanpa Masak),Paket Aqiqah Domba Tipe A - Jantan
Paket Aqiqah Domba Tipe A - Jantan (Tanpa Nasi Box),Paket Aqiqah Domba Tipe A - Jantan
Paket Aqiqah Domba Tipe A - Jantan (Hemat),Paket Aqiqah Domba Tipe A - Jantan
Paket Aqiqah Domba Tipe A - Betina (Plus),Paket Aqiqah Domba Tipe A - Betina (Plus)
Paket Aqiqah Domba Tipe A (Plus) - Betina (Spesial),Paket Aqiqah Domba Tipe A - Betina (Plus)
Paket Aqiqah Domba Tipe A (Plus) - Betina (Tanpa Nasi Box),Paket Aqiqah Domba Tipe A - Betina (Plus)
Paket Aqiqah Domba Tipe A - Jantan (Plus),Paket Aqiqah Domba Tipe A - Jantan (Plus)
Paket Aqiqah Domba Tipe A (Plus) - Jantan (Spesial),Paket Aqiqah Domba Tipe A - Jantan (Plus)
Paket Aqiqah Domba Tipe A (Plus) - Jantan (Tanpa Nasi Box),Paket Aqiqah Domba Tipe A - Jantan (Plus)
Paket Aqiqah Domba Tipe B - Betina,Paket Aqiqah Domba Tipe B - Betina
Paket Aqiqah Domba Tipe B - Betina (Spesial),Paket Aqiqah Domba Tipe B - Betina
Paket Aqiqah Domba Tipe B - Betina (Tanpa Masak),Paket Aqiqah Domba Tipe B - Betina
Paket Aqiqah Domba Tipe B - Betina (Tanpa Nasi Box),Paket Aqiqah Domba Tipe B - Betina
Paket Aqiqah Domba Tipe B - Jantan,Paket Aqiqah Domba Tipe B - Jantan
Paket Aqiqah Domba Tipe B - Jantan (Spesial),Paket Aqiqah Domba Tipe B - Jantan
Paket Aqiqah Domba Tipe B - Jantan (Tanpa Masak),Paket Aqiqah Domba Tipe B - Jantan
Paket Aqiqah Domba Tipe B - Jantan (Tanpa Nasi Box),Paket Aqiqah Domba Tipe B - Jantan
Paket Aqiqah Domba Tipe C - Betina,Paket Aqiqah Domba Tipe C - Betina
Paket Aqiqah Domba Tipe C - Betina (Spesial),Paket Aqiqah Domba Tipe C - Betina
Paket Aqiqah Domba Tipe C - Betina (Tanpa Masak),Paket Aqiqah Domba Tipe C - Betina
Paket Aqiqah Domba Tipe C - Betina (Tanpa Nasi Box),Paket Aqiqah Domba Tipe C - Betina
Paket Aqiqah Domba Tipe C - Jantan,Paket Aqiqah Domba Tipe C - Jantan
Paket Aqiqah Domba Tipe C - Jantan (Spesial),Paket Aqiqah Domba Tipe C - Jantan
Paket Aqiqah Domba Tipe C - Jantan (Tanpa Masak),Paket Aqiqah Domba Tipe C - Jantan
Paket Aqiqah Domba Tipe C - Jantan (Tanpa Nasi Box),Paket Aqiqah Domba Tipe C - Jantan
Paket Aqiqah Domba Tipe D - Betina,Paket Aqiqah Domba Tipe D - Betina
Paket Aqiqah Domba Tipe D - Betina (Spesial),Paket Aqiqah Domba Tipe D - Betina
Paket Aqiqah Domba Tipe D - Betina (Tanpa Masak),Paket Aqiqah Domba Tipe D - Betina
Paket Aqiqah Domba Tipe D - Betina (Tanpa Nasi Box),Paket Aqiqah Domba Tipe D - Betina
Paket Aqiqah Domba Tipe D - Jantan,Paket Aqiqah Domba Tipe D - Jantan
Paket Aqiqah Domba Tipe D - Jantan (Spesial),Paket Aqiqah Domba Tipe D - Jantan
Paket Aqiqah Domba Tipe D - Jantan (Tanpa Masak),Paket Aqiqah Domba Tipe D - Jantan
Paket Aqiqah Domba Tipe D - Jantan (Tanpa Nasi Box),Paket Aqiqah Domba Tipe D - Jantan
